matrix_rank_r,vector_dimension_n,router_hidden_h,feedback_rank_f,predicted_parameters,parameter_error,absolute_parameter_error,exact,matrix_ratio,vector_ratio,router_ratio,matrix_change_ratio,vector_change_ratio,router_change_ratio,nonbaseline_distance,structural_change_score,balance_score,ranking_score
760,176,120,32,47439592,1824,1824,False,1.484375,0.34375,3.75,0.484375,0.65625,2.75,1.598720802118056,0.6703125,0.40603622576989806,0.6496711177309694
760,184,100,32,47439544,1776,1776,False,1.484375,0.359375,3.125,0.484375,0.640625,2.125,1.3318880513203804,0.6625,0.4134994887533174,0.6481958466259952
760,192,80,32,47439496,1728,1728,False,1.484375,0.375,2.5,0.484375,0.625,1.5,1.089836749529488,0.6546875,0.4209067654528002,0.64670377963584
752,184,124,32,47436376,-1392,1392,False,1.46875,0.359375,3.875,0.46875,0.640625,2.875,1.642112420976408,0.6546875,0.4153167890975724,0.6463707867292717
752,192,104,32,47436328,-1440,1440,False,1.46875,0.375,3.25,0.46875,0.625,2.25,1.3696629375506955,0.646875,0.42278990611395134,0.6445144718341854
752,200,84,32,47436280,-1488,1488,False,1.46875,0.390625,2.625,0.46875,0.609375,1.625,1.118579770568465,0.6390625,0.4302150422649209,0.6426437626794763
768,168,116,32,47442808,5040,5040,False,1.5,0.328125,3.625,0.5,0.671875,2.625,1.5569432441887534,0.6859375,0.3968528373495743,0.6418646012048723
752,208,64,32,47436232,-1536,1536,False,1.46875,0.40625,2.0,0.46875,0.59375,1.0,0.9067886330341818,0.63125,0.43759879586676553,0.6407606387600296
768,176,96,32,47442760,4992,4992,False,1.5,0.34375,3.0,0.5,0.65625,2.0,1.2964042820432213,0.678125,0.4043171794702395,0.6403896538410718
760,200,60,32,47439448,1680,1680,False,1.484375,0.390625,1.875,0.484375,0.609375,0.875,0.8929520038893468,0.634375,0.4282653289745283,0.6389470986923584
768,184,76,32,47442712,4944,4944,False,1.5,0.359375,2.375,0.5,0.640625,1.375,1.0644513331406937,0.6703125,0.4117168055680308,0.6388952916704093
272,768,120,32,47439592,1824,1824,False,0.53125,1.5,3.75,0.46875,0.5,2.75,1.5363435691602318,0.584375,0.4906801038422478,0.6320955311526744
744,192,128,32,47433160,-4608,4608,False,1.453125,0.375,4.0,0.453125,0.625,3.0,1.6869935582642277,0.6390625,0.424710387144735,0.6285123661434204
744,200,108,32,47433112,-4656,4656,False,1.453125,0.390625,3.375,0.453125,0.609375,2.375,1.4095447514179889,0.63125,0.4322037301633369,0.626662119049001
768,192,56,32,47442664,4896,4896,False,1.5,0.375,1.75,0.5,0.625,0.75,0.8838834764831844,0.6375,0.41905978419640516,0.6248839352589215
744,208,88,32,47433064,-4704,4704,False,1.453125,0.40625,2.75,0.453125,0.59375,1.75,1.150428758387498,0.6234375,0.4396564962660446,0.6247996988798133
744,216,68,32,47433016,-4752,4752,False,1.453125,0.421875,2.125,0.453125,0.578125,1.125,0.9251794589429664,0.615625,0.44707470871624966,0.6229269126148749
280,768,96,32,47442760,4992,4992,False,0.546875,1.5,3.0,0.453125,0.5,2.0,1.206367384184851,0.5765625,0.49776004743749835,0.6176412642312494
280,760,116,32,47442808,5040,5040,False,0.546875,1.484375,3.625,0.453125,0.484375,2.625,1.4705773207315553,0.56875,0.500368063213977,0.6143254189641931
760,216,20,32,47439352,1584,1584,False,1.484375,0.421875,0.625,0.484375,0.578125,0.375,0.777176882215368,0.56875,0.442861946052511,0.6108975838157533
768,208,16,32,47442568,4800,4800,False,1.5,0.40625,0.5,0.5,0.59375,0.5,0.815499271918743,0.596875,0.4336040251746365,0.6093187075523909
736,208,112,32,47429896,-7872,7872,False,1.4375,0.40625,3.5,0.4375,0.59375,2.5,1.4513598149666402,0.615625,0.4417562030343943,0.6088513609103183
752,216,44,32,47436184,-1584,1584,False,1.46875,0.421875,1.375,0.46875,0.578125,0.375,0.767535880675946,0.5609375,0.4449471524083429,0.6076168957225028
736,216,92,32,47429848,-7920,7920,False,1.4375,0.421875,2.875,0.4375,0.578125,1.875,1.1851333324250906,0.6078125,0.44924604385540223,0.6070000631566207
760,208,40,32,47439400,1632,1632,False,1.484375,0.40625,1.25,0.484375,0.59375,0.25,0.7763911405503028,0.5640625,0.43558173953402257,0.6061777718602067
736,224,72,32,47429800,-7968,7968,False,1.4375,0.4375,2.25,0.4375,0.5625,1.25,0.9478594305064438,0.6,0.45670774423735333,0.605140323271206
744,240,8,32,47432872,-4896,4896,False,1.453125,0.46875,0.25,0.453125,0.53125,0.75,0.7925741783107749,0.5671875,0.4691747252236761,0.6047621675671029
288,768,72,32,47445928,8160,8160,False,0.5625,1.5,2.25,0.4375,0.5,1.25,0.9121574699579015,0.56875,0.5048390710504517,0.6031867213151354
288,760,92,32,47445976,8208,8208,False,0.5625,1.484375,2.875,0.4375,0.484375,1.875,1.14233604540214,0.5609375,0.5075219953836978,0.5998933486151093
752,224,24,32,47436136,-1632,1632,False,1.46875,0.4375,0.75,0.46875,0.5625,0.25,0.7428040202502946,0.540625,0.4522655689912624,0.5994641706973787
288,752,112,32,47446024,8256,8256,False,0.5625,1.46875,3.5,0.4375,0.46875,2.5,1.404860424561814,0.553125,0.5102624380010283,0.5966172314003085
744,224,48,32,47432968,-4800,4800,False,1.453125,0.4375,1.5,0.453125,0.5625,0.5,0.7643484255396881,0.5578125,0.45446386114123155,0.5960454083423694
768,200,36,32,47442616,4848,4848,False,1.5,0.390625,1.125,0.5,0.609375,0.125,0.7907238080549996,0.5671875,0.4263533496451961,0.5921077548935588
728,216,116,32,47426680,-11088,11088,False,1.421875,0.421875,3.625,0.421875,0.578125,2.625,1.494945912483124,0.6,0.4514626540199228,0.5910867962059768
728,224,96,32,47426632,-11136,11136,False,1.421875,0.4375,3.0,0.421875,0.5625,2.0,1.2224503121292907,0.5921875,0.45899878671895267,0.5892493860156858
728,232,76,32,47426584,-11184,11184,False,1.421875,0.453125,2.375,0.421875,0.546875,1.375,0.9745291330945423,0.584375,0.46651285004914067,0.5874053550147422
296,760,68,32,47449144,11376,11376,False,0.578125,1.484375,2.125,0.421875,0.484375,1.125,0.8538172557696406,0.553125,0.5146789051291046,0.5854621715387314
736,232,52,32,47429752,-8016,8016,False,1.4375,0.453125,1.625,0.4375,0.546875,0.625,0.7668994494880017,0.5546875,0.4641463756902404,0.5845236627070721
296,752,88,32,47449192,11424,11424,False,0.578125,1.46875,2.75,0.421875,0.46875,1.75,1.0785778034638949,0.5453125,0.5174973969718744,0.5822094690915622
736,248,12,32,47429656,-8112,8112,False,1.4375,0.484375,0.375,0.4375,0.515625,0.625,0.7449373400662636,0.5390625,0.4789727668259766,0.580775080047793
296,744,108,32,47449240,11472,11472,False,0.578125,1.453125,3.375,0.421875,0.453125,2.375,1.3392001460760075,0.5375,0.520377574590225,0.5789752723770676
632,328,128,32,47437192,-576,576,False,1.234375,0.640625,4.0,0.234375,0.359375,3.0,1.560154489545827,0.396875,0.6039100327440259,0.5773065098232077
632,336,108,32,47437144,-624,624,False,1.234375,0.65625,3.375,0.234375,0.34375,2.375,1.258273401580515,0.3890625,0.6128283727845412,0.5758837618353624
296,736,128,32,47449288,11520,11520,False,0.578125,1.4375,4.0,0.421875,0.4375,3.0,1.6184513479326463,0.5296875,0.5233216557393081,0.5757602467217925
744,232,28,32,47432920,-4848,4848,False,1.453125,0.453125,0.875,0.453125,0.546875,0.125,0.7129521591593646,0.5125,0.4618289882433803,0.575406696473014
632,344,88,32,47437096,-672,672,False,1.234375,0.671875,2.75,0.234375,0.328125,1.75,0.9634431255917497,0.38125,0.6217947503574581,0.5744754251072375
720,224,120,32,47423464,-14304,14304,False,1.40625,0.4375,3.75,0.40625,0.5625,2.75,1.540152691293951,0.584375,0.4613386323219789,0.5733730896965936
632,352,68,32,47437048,-720,720,False,1.234375,0.6875,2.125,0.234375,0.3125,1.125,0.6848314687753477,0.3734375,0.630812058438946,0.5730823675316838
728,240,56,32,47426536,-11232,11232,False,1.421875,0.46875,1.75,0.421875,0.53125,0.75,0.7751322971757789,0.5515625,0.474009552628659,0.5730561157885977
640,320,124,32,47440408,2640,2640,False,1.25,0.625,3.875,0.25,0.375,2.875,1.5064963491492438,0.4125,0.5906161091496412,0.5728748327448924
640,328,104,32,47440360,2592,2592,False,1.25,0.640625,3.25,0.25,0.359375,2.25,1.2071766194824185,0.4046875,0.5993570452547295,0.5717828635764188
720,232,100,32,47423416,-14352,14352,False,1.40625,0.453125,3.125,0.40625,0.546875,2.125,1.2621480016721494,0.5765625,0.4689301335736165,0.571552290072085
640,336,84,32,47440312,2544,2544,False,1.25,0.65625,2.625,0.25,0.34375,1.625,0.9169625469450756,0.396875,0.6081404403254683,0.5707036320976404
720,240,80,32,47423368,-14400,14400,False,1.40625,0.46875,2.5,0.40625,0.53125,1.5,1.0048709494258454,0.56875,0.4765053580405043,0.5697266074121513
640,344,64,32,47440264,2496,2496,False,1.25,0.671875,2.0,0.25,0.328125,1.0,0.6482021410216107,0.3890625,0.6169691748559936,0.5696380024567981
392,640,76,32,47438680,912,912,False,0.765625,1.25,2.375,0.234375,0.25,1.375,0.7681717845801159,0.3421875,0.6710480122546123,0.5687601536763837
304,752,64,32,47452360,14592,14592,False,0.59375,1.46875,2.0,0.40625,0.46875,1.0,0.7967217989988726,0.5375,0.5247391905407154,0.5678037571622145
384,648,80,32,47435464,-2304,2304,False,0.75,1.265625,2.5,0.25,0.265625,1.5,0.8340003840676574,0.3578125,0.6564918553116401,0.566637806593492
392,632,96,32,47438728,960,960,False,0.765625,1.234375,3.0,0.234375,0.234375,2.0,1.0535004894398483,0.334375,0.6767605253785122,0.5663756576135537
304,744,84,32,47452408,14640,14640,False,0.59375,1.453125,2.625,0.40625,0.453125,1.625,1.0151441169237991,0.5296875,0.5277007725278839,0.5645939817583652
384,640,100,32,47435512,-2256,2256,False,0.75,1.25,3.125,0.25,0.25,2.125,1.1197795541980573,0.35,0.661889753701244,0.5645429261103733
392,624,116,32,47438776,1008,1008,False,0.765625,1.21875,3.625,0.234375,0.21875,2.625,1.3510882477192228,0.3265625,0.6826457989742492,0.5640429896922747
648,312,120,32,47443624,5856,5856,False,1.265625,0.609375,3.75,0.265625,0.390625,2.75,1.4538808518066397,0.428125,0.5777382961425868,0.563959988842776
296,768,48,32,47449096,11328,11328,False,0.578125,1.5,1.5,0.421875,0.5,0.5,0.7003417134692178,0.5109375,0.511919985494551,0.5637327456483654
648,320,100,32,47443576,5808,5808,False,1.265625,0.625,3.125,0.265625,0.375,2.125,1.157621652624466,0.4203125,0.5863143556505149,0.5628185566951545
384,656,60,32,47435416,-2352,2352,False,0.75,1.28125,1.875,0.25,0.28125,0.875,0.5770682910193559,0.353125,0.6512459287835645,0.5625282786350694
384,632,120,32,47435560,-2208,2208,False,0.75,1.234375,3.75,0.25,0.234375,2.75,1.4170591521263323,0.3421875,0.6674467599473551,0.5624957779842066
648,328,80,32,47443528,5760,5760,False,1.265625,0.640625,2.5,0.265625,0.359375,1.5,0.873044690293687,0.4125,0.5949274977677367,0.561688249330321
720,248,60,32,47423320,-14448,14448,False,1.40625,0.484375,1.875,0.40625,0.515625,0.875,0.7888690975852711,0.5484375,0.4840687021916496,0.5616473606574949
304,736,104,32,47452456,14688,14688,False,0.59375,1.4375,3.25,0.40625,0.4375,2.25,1.273605242019677,0.521875,0.5307285410560845,0.5614040623168254
376,664,64,32,47432200,-5568,5568,False,0.734375,1.296875,2.0,0.265625,0.296875,1.0,0.639289767046212,0.38125,0.637473359108502,0.5595950077325506
624,344,112,32,47433928,-3840,3840,False,1.21875,0.671875,3.5,0.21875,0.328125,2.5,1.3107316957047312,0.3734375,0.6267593483558791,0.5593865545067638
392,648,56,32,47438632,864,864,False,0.765625,1.265625,1.75,0.234375,0.265625,0.75,0.5158616881005993,0.325,0.6655003300602885,0.5586940990180866
304,728,124,32,47452504,14736,14736,False,0.59375,1.421875,3.875,0.40625,0.421875,2.875,1.5522318860676068,0.5140625,0.5338249229421484,0.5582347268826445
624,352,92,32,47433880,-3888,3888,False,1.21875,0.6875,2.875,0.21875,0.3125,1.875,1.0121334212938529,0.365625,0.6359222860979198,0.558037185829376
376,656,84,32,47432248,-5520,5520,False,0.734375,1.28125,2.625,0.265625,0.28125,1.625,0.8998969124988706,0.3734375,0.6424375022223694,0.5573700006667108
728,256,16,32,47426440,-11328,11328,False,1.421875,0.5,0.5,0.421875,0.5,0.5,0.7003417134692178,0.5109375,0.48896800084965303,0.556847150254896
624,360,72,32,47433832,-3936,3936,False,1.21875,0.703125,2.25,0.21875,0.296875,1.25,0.7256799074833201,0.3578125,0.6451420039400286,0.5567048511820085
632,376,8,32,47436904,-864,864,False,1.234375,0.734375,0.25,0.234375,0.265625,0.75,0.5158616881005993,0.325,0.6581977456409742,0.5565033236922923
712,232,124,32,47420248,-17520,17520,False,1.390625,0.453125,3.875,0.390625,0.546875,2.875,1.5868416449822584,0.56875,0.4714000327924215,0.5557150098377265
376,648,104,32,47432296,-5472,5472,False,0.734375,1.265625,3.25,0.265625,0.265625,2.25,1.1860599821467714,0.365625,0.6475419247502112,0.5551870774250633
656,304,116,32,47446840,9072,9072,False,1.28125,0.59375,3.625,0.28125,0.40625,2.625,1.4024253545198047,0.44375,0.565248599466147,0.555161579839844
648,336,60,32,47443480,5712,5712,False,1.265625,0.65625,1.875,0.265625,0.34375,0.875,0.6165443642796519,0.3921875,0.6035806080629695,0.5543199324188909
656,312,96,32,47446792,9024,9024,False,1.28125,0.609375,3.0,0.28125,0.390625,2.0,1.109815053567485,0.4359375,0.5736715942087557,0.5539742282626268
712,240,104,32,47420200,-17568,17568,False,1.390625,0.46875,3.25,0.390625,0.53125,2.25,1.3040089927316452,0.5609375,0.47905591766520816,0.5539135252995624
376,640,124,32,47432344,-5424,5424,False,0.734375,1.25,3.875,0.265625,0.25,2.875,1.48305862683341,0.3578125,0.6527930590349794,0.5530481677104938
656,320,76,32,47446744,8976,8976,False,1.28125,0.625,2.375,0.28125,0.375,1.375,0.8320954347308968,0.428125,0.5821264613774707,0.5527964384132412
400,632,72,32,47441896,4128,4128,False,0.78125,1.234375,2.25,0.21875,0.234375,1.25,0.702430212280907,0.3265625,0.6861417259570888,0.5526117677871266
712,248,84,32,47420152,-17616,17616,False,1.390625,0.484375,2.625,0.390625,0.515625,1.625,1.0385630848677416,0.553125,0.48670109569766284,0.5521088287092988
736,240,32,32,47429704,-8064,8064,False,1.4375,0.46875,1.0,0.4375,0.53125,0.0,0.6882098607982887,0.484375,0.47156660943202583,0.5514014828296078
392,664,16,32,47438536,768,768,False,0.765625,1.296875,0.5,0.234375,0.296875,0.5,0.4533943165170909,0.315625,0.6548701373891013,0.5512015412167304
368,672,68,32,47428984,-8784,8784,False,0.71875,1.3125,2.125,0.28125,0.3125,1.125,0.7022564079451322,0.396875,0.6241513872517399,0.550546916175522
400,624,92,32,47441944,4176,4176,False,0.78125,1.21875,2.875,0.21875,0.21875,1.875,0.9872230624332071,0.31875,0.6921920221566495,0.5503286066469949
712,256,64,32,47420104,-17664,17664,False,1.390625,0.5,2.0,0.390625,0.5,1.0,0.8078291221694103,0.5453125,0.4943396950797237,0.5503021585239171
368,664,88,32,47429032,-8736,8736,False,0.71875,1.296875,2.75,0.28125,0.296875,1.75,0.9658474662828495,0.3890625,0.6288520286573241,0.5482428585971972
512,496,72,32,47437864,96,96,False,1.0,0.96875,2.25,0.0,0.03125,1.25,0.6257807623281496,0.115625,0.969228264240659,0.5481969792721977
400,616,112,32,47441992,4224,4224,False,0.78125,1.203125,3.5,0.21875,0.203125,2.5,1.2851503134361366,0.3109375,0.6984301445023415,0.5481017933507025
512,488,92,32,47437912,144,144,False,1.0,0.953125,2.875,0.0,0.046875,1.875,0.9386711434922244,0.1234375,0.9541900793357206,0.5473997738007161
312,736,80,32,47455624,17856,17856,False,0.609375,1.4375,2.5,0.390625,0.4375,1.5,0.9520998585363827,0.5140625,0.538147404582728,0.5470514713748184
632,360,48,32,47437000,-768,768,False,1.234375,0.703125,1.5,0.234375,0.296875,0.5,0.4533943165170909,0.315625,0.6398831367824088,0.5467054410347226
512,480,112,32,47437960,192,192,False,1.0,0.9375,3.5,0.0,0.0625,2.5,1.2515615246562992,0.13125,0.9393741796505354,0.5466692538951606
664,296,112,32,47450056,12288,12288,False,1.296875,0.578125,3.5,0.296875,0.421875,2.5,1.3522622827136754,0.459375,0.5531209949857502,0.546471798495725
368,656,108,32,47429080,-8688,8688,False,0.71875,1.28125,3.375,0.28125,0.28125,2.375,1.2523415568446175,0.38125,0.6336822986957178,0.5459776896087154
504,504,76,32,47434648,-3120,3120,False,0.984375,0.984375,2.375,0.015625,0.015625,1.375,0.6878550219704731,0.115625,1.0,0.5453325
664,304,92,32,47450008,12240,12240,False,1.296875,0.59375,2.875,0.296875,0.40625,1.875,1.0639925178895762,0.4515625,0.5614021068597959,0.5452418820579388
368,696,8,32,47428840,-8928,8928,False,0.71875,1.359375,0.25,0.28125,0.359375,0.75,0.5906580678573687,0.3953125,0.6107740336146182,0.5451764600843855
504,496,96,32,47434696,-3072,3072,False,0.984375,0.96875,3.0,0.015625,0.03125,2.0,1.0006101654115853,0.1234375,0.9842516378240219,0.5447062413472066
504,488,116,32,47434744,-3024,3024,False,0.984375,0.953125,3.625,0.015625,0.046875,2.625,1.3134297302292193,0.13125,0.9687473744292734,0.544153212328782
664,312,72,32,47449960,12192,12192,False,1.296875,0.609375,2.25,0.296875,0.390625,1.25,0.794573883443195,0.44375,0.5697100129601742,0.5440200038880523
312,744,60,32,47455576,17808,17808,False,0.609375,1.453125,1.875,0.390625,0.453125,0.875,0.7411588266019639,0.509375,0.5350346444789612,0.5439658933436884
312,728,100,32,47455672,17904,17904,False,0.609375,1.421875,3.125,0.390625,0.421875,2.125,1.2080863612548567,0.50625,0.5413312175819847,0.5439083652745954
368,648,128,32,47429128,-8640,8640,False,0.71875,1.265625,4.0,0.28125,0.265625,3.0,1.5490830200880132,0.3734375,0.6386480043758398,0.5437531513127519
616,352,116,32,47430712,-7056,7056,False,1.203125,0.6875,3.625,0.203125,0.3125,2.625,1.3643944684822642,0.3578125,0.6411835579862737,0.5430373173958821
384,672,20,32,47435320,-2448,2448,False,0.75,1.3125,0.625,0.25,0.3125,0.375,0.4419417382415922,0.31875,0.6411835579862737,0.5419380673958821
616,360,96,32,47430664,-7104,7104,False,1.203125,0.703125,3.0,0.203125,0.296875,2.0,1.062729754570747,0.35,0.650557589101133,0.5417512767303398
360,680,72,32,47425768,-12000,12000,False,0.703125,1.328125,2.25,0.296875,0.328125,1.25,0.7657844221776778,0.4125,0.6112511408039224,0.5416253422411768
400,656,12,32,47441752,3984,3984,False,0.78125,1.28125,0.375,0.21875,0.28125,0.625,0.4739297152532219,0.3125,0.6690322568628293,0.5410236770588488
312,720,120,32,47455720,17952,17952,False,0.609375,1.40625,3.75,0.390625,0.40625,2.75,1.4860188266388148,0.4984375,0.5445887411834434,0.5407873723550329
496,496,120,32,47431528,-6240,6240,False,0.96875,0.96875,3.75,0.03125,0.03125,2.75,1.3757100439409462,0.13125,1.0,0.540665
616,368,76,32,47430616,-7152,7152,False,1.203125,0.71875,2.375,0.203125,0.28125,1.375,0.7700763456469755,0.3421875,0.6599945505961793,0.5404841151788538
728,248,36,32,47426488,-11280,11280,False,1.421875,0.484375,1.125,0.421875,0.515625,0.125,0.6691441595426205,0.48125,0.481493252628844,0.5399529757886532
304,760,44,32,47452312,14544,14544,False,0.59375,1.484375,1.375,0.40625,0.484375,0.375,0.6594046201877872,0.4828125,0.5218414843670345,0.5397826953101104
360,672,92,32,47425816,-11952,11952,False,0.703125,1.3125,2.875,0.296875,0.3125,1.875,1.031841686318691,0.4046875,0.615705043796462,0.5392472631389386
672,280,128,32,47453320,15552,15552,False,1.3125,0.546875,4.0,0.3125,0.453125,3.0,1.5978042795114176,0.4828125,0.5332000369203171,0.5391582610760951
656,328,56,32,47446696,8928,8928,False,1.28125,0.640625,1.75,0.28125,0.359375,0.75,0.5906580678573687,0.3953125,0.5906161091496412,0.5391290827448924
704,240,128,32,47417032,-20736,20736,False,1.375,0.46875,4.0,0.375,0.53125,3.0,1.6348857949410411,0.553125,0.4816632178907232,0.5381174653672169
672,288,108,32,47453272,15504,15504,False,1.3125,0.5625,3.375,0.3125,0.4375,2.375,1.3035408509133881,0.475,0.5413312175819847,0.5378833652745953
640,352,44,32,47440216,2448,2448,False,1.25,0.6875,1.375,0.25,0.3125,0.375,0.4419417382415922,0.31875,0.6258460653540368,0.537336819606211
360,664,112,32,47425864,-11904,11904,False,0.703125,1.296875,3.5,0.296875,0.296875,2.5,1.318624105365134,0.396875,0.6202788567954625,0.5369051570386387
304,768,24,32,47452264,14496,14496,False,0.59375,1.5,0.75,0.40625,0.5,0.25,0.65625,0.478125,0.5190054524253718,0.5367801357276115
624,368,52,32,47433784,-3984,3984,False,1.21875,0.71875,1.625,0.21875,0.28125,0.625,0.4739297152532219,0.3125,0.6544213823527347,0.5366404147058204
408,624,68,32,47445112,7344,7344,False,0.796875,1.21875,2.125,0.203125,0.21875,1.125,0.6368026210098385,0.3109375,0.7018119128888938,0.5366363238666682
672,296,88,32,47453224,15456,15456,False,1.3125,0.578125,2.75,0.3125,0.421875,1.75,1.020421366703481,0.4671875,0.5494810769891335,0.53661407309674
704,248,108,32,47416984,-20784,20784,False,1.375,0.484375,3.375,0.375,0.515625,2.375,1.3478317367627903,0.5453125,0.48939251272003137,0.5363380038160094
400,640,52,32,47441848,4080,4080,False,0.78125,1.25,1.625,0.21875,0.25,0.625,0.45607873497895074,0.296875,0.6802704293411191,0.5361986288023357
672,304,68,32,47453176,15408,15408,False,1.3125,0.59375,2.125,0.3125,0.40625,1.125,0.7609872288678701,0.459375,0.5576527515124589,0.5353513254537376
704,256,88,32,47416936,-20832,20832,False,1.375,0.5,2.75,0.375,0.5,1.75,1.0752906583803283,0.5375,0.49711649770808664,0.534556949312426
408,616,88,32,47445160,7392,7392,False,0.796875,1.203125,2.75,0.203125,0.203125,1.75,0.920947626768211,0.303125,0.7082254347398349,0.5344621304219505
520,488,68,32,47441080,3312,3312,False,1.015625,0.953125,2.125,0.015625,0.046875,1.125,0.5646659687372704,0.13125,0.9402796378676691,0.5344608913603007
624,384,12,32,47433688,-4080,4080,False,1.21875,0.75,0.375,0.21875,0.25,0.625,0.45607873497895074,0.296875,0.6731704736765604,0.5340686421029681
520,480,88,32,47441128,3360,3360,False,1.015625,0.9375,2.75,0.015625,0.0625,1.75,0.8773684463354036,0.1390625,0.9258893124273277,0.5338580437281983
384,664,40,32,47435368,-2400,2400,False,0.75,1.296875,1.25,0.25,0.296875,0.25,0.4077496359593715,0.2984375,0.6461452666436986,0.5334623299931096
520,472,108,32,47441176,3408,3408,False,1.015625,0.921875,3.375,0.015625,0.078125,2.375,1.1901696964088777,0.146875,0.9117018358438361,0.5333160507531508
720,264,20,32,47423224,-14544,14544,False,1.40625,0.515625,0.625,0.40625,0.484375,0.375,0.6594046201877872,0.4828125,0.4991758335277604,0.5329830000583281
520,464,128,32,47441224,3456,3456,False,1.015625,0.90625,4.0,0.015625,0.09375,3.0,1.5030080515835569,0.1546875,0.8977109865301648,0.5328330459590493
352,688,76,32,47422552,-15216,15216,False,0.6875,1.34375,2.375,0.3125,0.34375,1.375,0.8297448779594846,0.428125,0.5987458684599757,0.5328222605379928
704,264,68,32,47416888,-20880,20880,False,1.375,0.515625,2.125,0.375,0.484375,1.125,0.831655211385704,0.5296875,0.5048390710504517,0.5327754713151355
408,608,108,32,47445208,7440,7440,False,0.796875,1.1875,3.375,0.203125,0.1875,2.375,1.2192506984312128,0.2953125,0.7148434414896352,0.5323492824468905
496,504,100,32,47431480,-6288,6288,False,0.96875,0.984375,3.125,0.03125,0.015625,2.125,1.0630742933233783,0.1234375,0.9842516378240219,0.5318422413472066
408,648,8,32,47444968,7200,7200,False,0.796875,1.265625,0.25,0.203125,0.265625,0.75,0.5024354747129227,0.309375,0.6837029385853644,0.5309983815756093
680,272,124,32,47456536,18768,18768,False,1.328125,0.53125,3.875,0.328125,0.46875,2.875,1.5471906243656597,0.4984375,0.5218414843670345,0.5306991953101103
376,672,44,32,47432152,-5616,5616,False,0.734375,1.3125,1.375,0.265625,0.3125,0.375,0.4509646778019316,0.3265625,0.6326434410271469,0.5306102823081441
512,520,12,32,47437720,-48,48,False,1.0,1.015625,0.375,0.0,0.015625,0.625,0.3128903811640748,0.0703125,0.984732523271172,0.5303840069813516
352,680,96,32,47422600,-15168,15168,False,0.6875,1.328125,3.0,0.3125,0.328125,2.0,1.0978716981619483,0.4203125,0.6029684295311771,0.5303747788593531
512,504,52,32,47437816,48,48,False,1.0,0.984375,1.625,0.0,0.015625,0.625,0.3128903811640748,0.0703125,0.9844958085729563,0.5303129925718869
408,600,128,32,47445256,7488,7488,False,0.796875,1.171875,4.0,0.203125,0.171875,3.0,1.5234174678170131,0.2875,0.7216764643970225,0.5303009393191067
360,704,12,32,47425624,-12144,12144,False,0.703125,1.375,0.375,0.296875,0.375,0.625,0.5713282905869445,0.3984375,0.5985607040288043,0.5302109612086413
640,360,24,32,47440168,2400,2400,False,1.25,0.703125,0.75,0.25,0.296875,0.25,0.4077496359593715,0.2984375,0.6347738732248578,0.5300509119674573
392,656,36,32,47438584,816,816,False,0.765625,1.28125,1.125,0.234375,0.28125,0.125,0.3714020101251473,0.2703125,0.660110036090988,0.5299252608272964
320,728,76,32,47458840,21072,21072,False,0.625,1.421875,2.375,0.375,0.421875,1.375,0.8895278329681428,0.4984375,0.5488534293672165,0.5295867788101649
680,280,104,32,47456488,18720,18720,False,1.328125,0.546875,3.25,0.328125,0.453125,2.25,1.256428780810914,0.490625,0.5298565713494284,0.5293894714048285
720,256,40,32,47423272,-14496,14496,False,1.40625,0.5,1.25,0.40625,0.5,0.25,0.65625,0.478125,0.49162425471621274,0.5285657764148638
680,288,84,32,47456440,18672,18672,False,1.328125,0.5625,2.625,0.328125,0.4375,1.625,0.9794021215134262,0.4828125,0.537885329785118,0.5280838489355354
352,672,116,32,47422648,-15120,15120,False,0.6875,1.3125,3.625,0.3125,0.3125,2.625,1.3849074878850212,0.4125,0.6073020179073239,0.5279606053721971
368,680,48,32,47428936,-8832,8832,False,0.71875,1.328125,1.5,0.28125,0.328125,0.5,0.4992670408959518,0.3546875,0.6195749014812357,0.5278882204443708
648,352,20,32,47443384,5616,5616,False,1.265625,0.6875,0.625,0.265625,0.3125,0.375,0.4509646778019316,0.3265625,0.6210179086732815,0.5271226226019845
608,360,120,32,47427496,-10272,10272,False,1.1875,0.703125,3.75,0.1875,0.296875,2.75,1.4191250880824424,0.3421875,0.6561374752764451,0.5268469925829335
680,296,64,32,47456392,18624,18624,False,1.328125,0.578125,2.0,0.328125,0.421875,1.0,0.7318774017893981,0.475,0.5459309911890883,0.5267832973567265
616,376,56,32,47430568,-7200,7200,False,1.203125,0.734375,1.75,0.203125,0.265625,0.75,0.5024354747129227,0.309375,0.6694973818728063,0.5267367145618419
376,680,24,32,47432104,-5664,5664,False,0.734375,1.328125,0.75,0.265625,0.328125,0.25,0.44028133761266786,0.321875,0.627942043962207,0.526664113188662
632,368,28,32,47436952,-816,816,False,1.234375,0.71875,0.875,0.234375,0.28125,0.125,0.3714020101251473,0.2703125,0.6490107801146999,0.52659548403441
320,720,96,32,47458888,21120,21120,False,0.625,1.40625,3.0,0.375,0.40625,2.0,1.142656581173889,0.490625,0.5522023935794458,0.5264932180738338
608,368,100,32,47427448,-10320,10320,False,1.1875,0.71875,3.125,0.1875,0.28125,2.125,1.1149726734319545,0.334375,0.6657382087224534,0.525628962616736
312,760,20,32,47455480,17712,17712,False,0.609375,1.484375,0.625,0.390625,0.484375,0.375,0.6498948232214194,0.475,0.5290122916777783,0.5253556875033335
360,688,52,32,47425720,-12048,12048,False,0.703125,1.34375,1.625,0.296875,0.34375,0.625,0.5513212113867922,0.3828125,0.6069121934397126,0.5252879080319137
608,376,80,32,47427400,-10368,10368,False,1.1875,0.734375,2.5,0.1875,0.265625,1.5,0.8174428974705206,0.3265625,0.6754083697723562,0.5244317609317068
656,344,16,32,47446600,8832,8832,False,1.28125,0.671875,0.5,0.28125,0.328125,0.5,0.4992670408959518,0.3546875,0.6077109532269455,0.5243290359680837
520,512,8,32,47440936,3168,3168,False,1.015625,1.0,0.25,0.015625,0.0,0.75,0.3753253796707598,0.08281250000000001,0.984732523271172,0.5241540069813516
344,696,80,32,47419336,-18432,18432,False,0.671875,1.359375,2.5,0.328125,0.359375,1.5,0.894044968807498,0.44375,0.586610726448772,0.5241302179346317
504,512,56,32,47434600,-3168,3168,False,0.984375,1.0,1.75,0.015625,0.0,0.75,0.3753253796707598,0.08281250000000001,0.9844958085729563,0.524082992571887
664,320,52,32,47449912,12144,12144,False,1.296875,0.625,1.625,0.296875,0.375,0.625,0.5713282905869445,0.3984375,0.5780476618629534,0.524057048558886
320,712,116,32,47458936,21168,21168,False,0.625,1.390625,3.625,0.375,0.390625,2.625,1.4198130653804395,0.4828125,0.5556305917327214,0.5234234275198164
496,512,80,32,47431432,-6336,6336,False,0.96875,1.0,2.5,0.03125,0.0,1.5,0.7506507593415196,0.115625,0.969228264240659,0.5232369792721977
352,696,56,32,47422504,-15264,15264,False,0.6875,1.359375,1.75,0.3125,0.359375,0.75,0.6061613981647133,0.4109375,0.5946298438628332,0.52280170315885
688,264,120,32,47459752,21984,21984,False,1.34375,0.515625,3.75,0.34375,0.484375,2.75,1.4978011226878554,0.5140625,0.5107670368682038,0.5223253610604611
648,344,40,32,47443432,5664,5664,False,1.265625,0.671875,1.25,0.265625,0.328125,0.25,0.44028133761266786,0.321875,0.6122764968073761,0.5219644490422128
664,336,12,32,47449816,12048,12048,False,1.296875,0.65625,0.375,0.296875,0.34375,0.625,0.5513212113867922,0.3828125,0.5948234928141024,0.5216612978442308
344,688,100,32,47419384,-18384,18384,False,0.671875,1.34375,3.125,0.328125,0.34375,2.125,1.1639314104039808,0.4359375,0.5906161091496412,0.5216175827448923
528,480,64,32,47444296,6528,6528,False,1.03125,0.9375,2.0,0.03125,0.0625,1.0,0.5048592006688597,0.146875,0.9129833890329112,0.5212205167098733
688,272,100,32,47459704,21936,21936,False,1.34375,0.53125,3.125,0.34375,0.46875,2.125,1.2111138984422563,0.50625,0.5186757578999094,0.5209837273699728
416,616,64,32,47448328,10560,10560,False,0.8125,1.203125,2.0,0.1875,0.203125,1.0,0.5713282905869445,0.2953125,0.7181010346975572,0.5208465604092671
528,472,84,32,47444344,6576,6576,False,1.03125,0.921875,2.625,0.03125,0.078125,1.625,0.8168453514129832,0.1546875,0.8991857259030449,0.5207954677709135
528,464,104,32,47444392,6624,6624,False,1.03125,0.90625,3.25,0.03125,0.09375,2.25,1.1293319374745407,0.1625,0.8855735130287263,0.5204260539086178
344,704,60,32,47419288,-18480,18480,False,0.671875,1.375,1.875,0.328125,0.375,0.875,0.663096724185092,0.4390625,0.5827041637814709,0.5204224991344413
320,736,56,32,47458792,21024,21024,False,0.625,1.4375,1.75,0.375,0.4375,0.75,0.6875,0.48125,0.5455807860231846,0.5202032358069554
528,456,124,32,47444440,6672,6672,False,1.03125,0.890625,3.875,0.03125,0.109375,2.875,1.4419936557159327,0.1703125,0.8721410867037523,0.5201105760111258
688,280,80,32,47459656,21888,21888,False,1.34375,0.546875,2.5,0.34375,0.453125,1.5,0.9412684676143146,0.4984375,0.5265931558546554,0.5196446967563966
344,680,120,32,47419432,-18336,18336,False,0.671875,1.328125,3.75,0.328125,0.328125,2.75,1.4511915901251633,0.428125,0.594724387606143,0.5191358162818429
672,328,8,32,47453032,15264,15264,False,1.3125,0.640625,0.25,0.3125,0.359375,0.75,0.6061613981647133,0.4109375,0.5823281803021731,0.519111204090652
696,256,112,32,47413768,-24000,24000,False,1.359375,0.5,3.5,0.359375,0.5,2.5,1.393431157476034,0.5296875,0.4999569497432541,0.5188308349229762
416,608,84,32,47448376,10608,10608,False,0.8125,1.1875,2.625,0.1875,0.1875,1.625,0.854674645698584,0.2875,0.7249057798376949,0.5187897339513085
488,504,124,32,47428312,-9456,9456,False,0.953125,0.984375,3.875,0.046875,0.015625,2.875,1.4383489341081321,0.13125,0.9687473744292734,0.518425212328782
336,712,64,32,47416072,-21696,21696,False,0.65625,1.390625,2.0,0.34375,0.390625,1.0,0.721631452422218,0.4671875,0.5711130717773981,0.5181436715332194
712,264,44,32,47420056,-17712,17712,False,1.390625,0.515625,1.375,0.390625,0.484375,0.375,0.6498948232214194,0.475,0.5019755729904818,0.5172446718971445
696,264,92,32,47413720,-24048,24048,False,1.359375,0.515625,2.875,0.359375,0.484375,1.875,1.1147536863585605,0.521875,0.5077687199539505,0.5170761159861851
608,384,60,32,47427352,-10416,10416,False,1.1875,0.75,1.875,0.1875,0.25,0.875,0.5376453291901642,0.30625,0.6851509760156271,0.5170062928046881
416,600,104,32,47448424,10656,10656,False,0.8125,1.171875,3.25,0.1875,0.171875,2.25,1.153395970872536,0.2796875,0.731933469365137,0.5167997908095412
496,520,60,32,47431384,-6384,6384,False,0.96875,1.015625,1.875,0.03125,0.015625,0.875,0.43889287203712934,0.11093750000000001,0.9548792029756127,0.5163965108926838
312,752,40,32,47455528,17760,17760,False,0.609375,1.46875,1.25,0.390625,0.46875,0.25,0.6228478571248359,0.4546875,0.5319904090499212,0.5159008727149763
336,704,84,32,47416120,-21648,21648,False,0.65625,1.375,2.625,0.34375,0.375,1.625,0.9586163531361229,0.459375,0.5748225880141288,0.5155422764042386
352,712,16,32,47422408,-15360,15360,False,0.6875,1.390625,0.5,0.3125,0.390625,0.5,0.559235317755415,0.4015625,0.5867006454282051,0.5153514436284615
696,272,72,32,47413672,-24096,24096,False,1.359375,0.53125,2.25,0.359375,0.46875,1.25,0.8599429941135633,0.5140625,0.5155841512080936,0.5153224953624281
704,288,8,32,47416744,-21024,21024,False,1.375,0.5625,0.25,0.375,0.4375,0.75,0.6875,0.48125,0.5280338794248092,0.5149391638274428
416,592,124,32,47448472,10704,10704,False,0.8125,1.15625,3.875,0.1875,0.15625,2.875,1.4580728934110256,0.271875,0.7391958899813121,0.5148802669943936
696,256,116,32,47462968,25200,25200,False,1.359375,0.5,3.625,0.359375,0.5,2.625,1.4497608908454525,0.5296875,0.4999569497432541,0.5140308349229763
320,752,16,32,47458696,20928,20928,False,0.625,1.46875,0.5,0.375,0.46875,0.5,0.6502703764589004,0.471875,0.5392535236398995,0.5140015570919698
408,632,48,32,47445064,7296,7296,False,0.796875,1.234375,1.5,0.203125,0.234375,0.5,0.3983608994994363,0.26875,0.6955930329033027,0.5138689098709908
336,696,104,32,47416168,-21600,21600,False,0.65625,1.359375,3.25,0.34375,0.359375,2.25,1.2300160377511344,0.4515625,0.5786238414346203,0.5129684024303861
696,264,96,32,47462920,25152,25152,False,1.359375,0.515625,3.0,0.359375,0.484375,2.0,1.1678054338159247,0.521875,0.5077687199539505,0.5126601159861851
328,720,72,32,47462056,24288,24288,False,0.640625,1.40625,2.25,0.359375,0.40625,1.25,0.827535167304085,0.4828125,0.5598359355832946,0.5122050306749883
688,288,60,32,47459608,21840,21840,False,1.34375,0.5625,1.875,0.34375,0.4375,0.875,0.7077969783066328,0.478125,0.5345225797076011,0.5120592739122803
616,392,16,32,47430472,-7296,7296,False,1.203125,0.765625,0.5,0.203125,0.234375,0.5,0.3983608994994363,0.26875,0.6887122902623896,0.5118046870787168
368,688,28,32,47428888,-8880,8880,False,0.71875,1.34375,0.875,0.28125,0.34375,0.125,0.44852187795022885,0.325,0.615117408471553,0.5115152225414659
696,272,76,32,47462872,25104,25104,False,1.359375,0.53125,2.375,0.359375,0.46875,1.375,0.9063846882670735,0.5140625,0.5155841512080936,0.5112904953624281
600,368,124,32,47424280,-13488,13488,False,1.171875,0.71875,3.875,0.171875,0.28125,2.875,1.4748046745671102,0.3265625,0.6716608154150816,0.5108274946245245
336,688,124,32,47416216,-21552,21552,False,0.65625,1.34375,3.875,0.34375,0.34375,2.875,1.517476317772373,0.44375,0.5825205353531686,0.5104231606059506
504,528,16,32,47434504,-3264,3264,False,0.984375,1.03125,0.5,0.015625,0.03125,0.5,0.25242960033442985,0.0734375,0.9555478968964864,0.510327119068946
520,496,48,32,47441032,3264,3264,False,1.015625,0.96875,1.5,0.015625,0.03125,0.5,0.25242960033442985,0.0734375,0.9548792029756127,0.5101265108926838
488,512,104,32,47428264,-9504,9504,False,0.953125,1.0,3.25,0.046875,0.0,2.25,1.1259761390122793,0.1234375,0.9541900793357206,0.5099597738007162
328,720,68,32,47412856,-24912,24912,False,0.640625,1.40625,2.125,0.359375,0.40625,1.125,0.7814062343781242,0.4828125,0.5598359355832946,0.5097090306749883
600,376,104,32,47424232,-13536,13536,False,1.171875,0.734375,3.25,0.171875,0.265625,2.25,1.168641371957197,0.31875,0.6815050712089998,0.5096825213626999
488,520,84,32,47428216,-9552,9552,False,0.953125,1.015625,2.625,0.046875,0.015625,1.625,0.8140010173519441,0.13125,0.9402796378676691,0.5095008913603007
488,528,64,32,47428168,-9600,9600,False,0.953125,1.03125,2.0,0.046875,0.03125,1.0,0.5031638183782693,0.1390625,0.9269723078426303,0.5092229423527891
712,272,24,32,47420008,-17760,17760,False,1.390625,0.53125,0.75,0.390625,0.46875,0.25,0.6228478571248359,0.4546875,0.5096123475651793,0.5091874542695538
328,712,92,32,47462104,24336,24336,False,0.640625,1.390625,2.875,0.359375,0.390625,1.875,1.0773321359961374,0.475,0.5633598728193907,0.5091639618458171
672,312,48,32,47453128,15360,15360,False,1.3125,0.609375,1.5,0.3125,0.390625,0.5,0.559235317755415,0.4015625,0.5658492484599484,0.5090960245379845
600,384,84,32,47424184,-13584,13584,False,1.171875,0.75,2.625,0.171875,0.25,1.625,0.8672930678986198,0.3109375,0.691425649985154,0.5085604449955462
536,464,80,32,47447560,9792,9792,False,1.046875,0.90625,2.5,0.046875,0.09375,1.5,0.7572888010032897,0.1703125,0.873935190600407,0.5081688071801221
536,456,100,32,47447608,9840,9840,False,1.046875,0.890625,3.125,0.046875,0.109375,2.125,1.0691428371597502,0.178125,0.8608508974479584,0.5079577692343875
536,448,120,32,47447656,9888,9888,False,1.046875,0.875,3.75,0.046875,0.125,2.75,1.3814656223102333,0.1859375,0.8479312264179408,0.5077961179253823
600,392,64,32,47424136,-13632,13632,False,1.171875,0.765625,2.0,0.171875,0.234375,1.0,0.5783361101038046,0.303125,0.7014256681535695,0.5074622004460709
400,648,32,32,47441800,4032,4032,False,0.78125,1.265625,1.0,0.21875,0.265625,0.0,0.34410493039914436,0.2421875,0.6745698600296395,0.5073367080088919
328,712,88,32,47412904,-24864,24864,False,0.640625,1.390625,2.75,0.359375,0.390625,1.75,1.023407680863301,0.475,0.5633598728193907,0.5070519618458171
656,336,36,32,47446648,8880,8880,False,1.28125,0.65625,1.125,0.28125,0.34375,0.125,0.44852187795022885,0.325,0.5991433583737088,0.5067230075121127
328,704,112,32,47462152,24384,24384,False,0.640625,1.375,3.5,0.359375,0.375,2.5,1.3536156731602216,0.4671875,0.5669690366938848,0.5061484610081655
704,272,48,32,47416840,-20928,20928,False,1.375,0.53125,1.5,0.375,0.46875,0.5,0.6502703764589004,0.471875,0.5125638918301312,0.5059946675490394
704,248,112,32,47466184,28416,28416,False,1.375,0.484375,3.5,0.375,0.515625,2.5,1.4032085164454355,0.5453125,0.48939251272003137,0.5058100038160094
328,744,8,32,47412712,-25056,25056,False,0.640625,1.453125,0.25,0.359375,0.453125,0.75,0.6892732812535243,0.48125,0.5497443224108889,0.5053242967232666
328,704,108,32,47412952,-24816,24816,False,0.640625,1.375,3.375,0.359375,0.375,2.375,1.2961217692119056,0.4671875,0.5669690366938848,0.5044204610081654
704,256,92,32,47466136,28368,28368,False,1.375,0.5,2.875,0.375,0.5,1.875,1.1267347735824966,0.5375,0.49711649770808664,0.504412949312426
624,376,32,32,47433736,-4032,4032,False,1.21875,0.734375,1.0,0.21875,0.265625,0.0,0.34410493039914436,0.2421875,0.6637632665831985,0.5040947299749595
424,600,80,32,47451592,13824,13824,False,0.828125,1.171875,2.5,0.171875,0.171875,1.5,0.788404738221429,0.271875,0.7422823787743289,0.5033262136322987
704,264,72,32,47466088,28320,28320,False,1.375,0.515625,2.25,0.375,0.484375,1.25,0.8751394978087779,0.5296875,0.5048390710504517,0.5030154713151355
328,744,12,32,47461912,24144,24144,False,0.640625,1.453125,0.375,0.359375,0.453125,0.625,0.6573651239988322,0.46875,0.5497443224108889,0.5027222967232667
536,472,60,32,47447512,9744,9744,False,1.046875,0.921875,1.875,0.046875,0.078125,0.875,0.4468859264398466,0.15000000000000002,0.8871892901254651,0.5021807870376396
328,696,128,32,47413000,-24768,24768,False,0.640625,1.359375,4.0,0.359375,0.359375,3.0,1.5837615923016948,0.459375,0.5706667958392126,0.5018155387517638
424,592,100,32,47451640,13872,13872,False,0.828125,1.15625,3.125,0.171875,0.15625,2.125,1.0875942847059283,0.2640625,0.7497526680367633,0.501469050411029
688,264,116,32,47410552,-27216,27216,False,1.34375,0.515625,3.625,0.34375,0.484375,2.625,1.440638557419938,0.5140625,0.5107670368682038,0.5013973610604612
320,728,72,32,47409640,-28128,28128,False,0.625,1.421875,2.25,0.375,0.421875,1.25,0.8421570611382416,0.4984375,0.5488534293672165,0.5013627788101649
344,720,20,32,47419192,-18576,18576,False,0.671875,1.40625,0.625,0.328125,0.40625,0.375,0.554852528267647,0.4046875,0.5751722675934324,0.5005914302780298
424,584,120,32,47451688,13920,13920,False,0.828125,1.140625,3.75,0.171875,0.140625,2.75,1.3928177936291595,0.25625,0.7574796221664208,0.4996888866499262
688,272,96,32,47410504,-27264,27264,False,1.34375,0.53125,3.0,0.34375,0.46875,2.0,1.1566722202076092,0.50625,0.5186757578999094,0.4996717273699728
712,232,128,32,47469448,31680,31680,False,1.390625,0.453125,4.0,0.390625,0.546875,3.0,1.6436727643451419,0.56875,0.4714000327924215,0.49907500983772646
424,608,60,32,47451544,13776,13776,False,0.828125,1.1875,1.875,0.171875,0.1875,0.875,0.5060667106469264,0.2671875,0.7350555344382136,0.4990064103314641
320,720,92,32,47409688,-28080,28080,False,0.625,1.40625,2.875,0.375,0.40625,1.875,1.0883796729542499,0.490625,0.5522023935794458,0.49865321807383367
688,280,76,32,47410456,-27312,27312,False,1.34375,0.546875,2.375,0.34375,0.453125,1.375,0.8922682209543271,0.4984375,0.5265931558546554,0.4979486967563966
712,240,108,32,47469400,31632,31632,False,1.390625,0.46875,3.375,0.390625,0.53125,2.375,1.3582969863490826,0.5609375,0.47905591766520816,0.4976575252995624
696,280,56,32,47462824,25056,25056,False,1.359375,0.546875,1.75,0.359375,0.453125,0.75,0.6892732812535243,0.48125,0.5234067341927837,0.49742302025783514
408,640,28,32,47445016,7248,7248,False,0.796875,1.25,0.875,0.203125,0.25,0.125,0.328125,0.2390625,0.6895595842615369,0.4974071252784611
480,512,128,32,47425096,-12672,12672,False,0.9375,1.0,4.0,0.0625,0.0,3.0,1.5013015186830392,0.13125,0.9393741796505354,0.4967492538951606
328,728,52,32,47462008,24240,24240,False,0.640625,1.421875,1.625,0.359375,0.421875,0.625,0.6362272834844479,0.453125,0.5563940290509682,0.4965207087152905
360,696,32,32,47425672,-12096,12096,False,0.703125,1.359375,1.0,0.296875,0.359375,0.0,0.46613855906800933,0.328125,0.6026835223139541,0.4964835566941862
480,520,108,32,47425048,-12720,12720,False,0.9375,1.015625,3.375,0.0625,0.015625,2.375,1.1892462489430018,0.1390625,0.9258893124273277,0.4964180437281983
480,536,68,32,47424952,-12816,12816,False,0.9375,1.046875,2.125,0.0625,0.046875,1.125,0.5678994326683202,0.1546875,0.900618498446129,0.4962652995338387
480,528,88,32,47425000,-12768,12768,False,0.9375,1.03125,2.75,0.0625,0.03125,1.75,0.8777857440742587,0.146875,0.9129833890329112,0.49626051670987337
712,248,88,32,47469352,31584,31584,False,1.390625,0.484375,2.75,0.390625,0.515625,1.75,1.0881553341550094,0.553125,0.48670109569766284,0.4962368287092988
320,712,112,32,47409736,-28032,28032,False,0.625,1.390625,3.5,0.375,0.390625,2.5,1.3622455324298186,0.4828125,0.5556305917327214,0.49596742751981643
544,456,76,32,47450776,13008,13008,False,1.0625,0.890625,2.375,0.0625,0.109375,1.375,0.6989459139482825,0.1859375,0.8500102241437041,0.4959398172431112
544,448,96,32,47450824,13056,13056,False,1.0625,0.875,3.0,0.0625,0.125,2.0,1.0097184013377194,0.19375,0.8374115173452849,0.4958744552035854
544,440,116,32,47450872,13104,13104,False,1.0625,0.859375,3.625,0.0625,0.140625,2.625,1.3214907834052418,0.2015625,0.8249637189589651,0.4958543656876896
592,376,128,32,47421064,-16704,16704,False,1.15625,0.734375,4.0,0.15625,0.265625,3.0,1.531329717312702,0.3109375,0.6877969388567949,0.4949918316570385
336,712,68,32,47465272,27504,27504,False,0.65625,1.390625,2.125,0.34375,0.390625,1.125,0.7662624897024518,0.4671875,0.5711130717773981,0.4949116715332194
696,280,52,32,47413624,-24144,24144,False,1.359375,0.546875,1.625,0.359375,0.453125,0.625,0.6573651239988322,0.46875,0.5234067341927837,0.4948210202578351
712,256,68,32,47469304,31536,31536,False,1.390625,0.5,2.125,0.390625,0.5,1.125,0.847935221950946,0.5453125,0.4943396950797237,0.49481415852391714
616,384,36,32,47430520,-7248,7248,False,1.203125,0.75,1.125,0.203125,0.25,0.125,0.328125,0.2390625,0.6790689967835566,0.494259949035067
680,304,44,32,47456344,18576,18576,False,1.328125,0.59375,1.375,0.328125,0.40625,0.375,0.554852528267647,0.4046875,0.5539966407819704,0.4942387422345911
352,704,36,32,47422456,-15312,15312,False,0.6875,1.375,1.125,0.3125,0.375,0.125,0.4921254921257382,0.35625,0.5906161091496412,0.49406183274489235
592,384,108,32,47421016,-16752,16752,False,1.15625,0.75,3.375,0.15625,0.25,2.375,1.2235482469032433,0.303125,0.6979029011582315,0.4939253703474694
312,736,76,32,47406424,-31344,31344,False,0.609375,1.4375,2.375,0.390625,0.4375,1.375,0.9036871088075784,0.5140625,0.538147404582728,0.4930994713748184
592,392,88,32,47420968,-16800,16800,False,1.15625,0.765625,2.75,0.15625,0.234375,1.75,0.9192228800051705,0.2953125,0.7080925371254513,0.49288401113763536
504,520,36,32,47434552,-3216,3216,False,0.984375,1.015625,1.125,0.015625,0.015625,0.125,0.06629126073623882,0.028125,0.9696945780148953,0.49210687340446857
520,504,28,32,47440984,3216,3216,False,1.015625,0.984375,0.875,0.015625,0.015625,0.125,0.06629126073623882,0.028125,0.9696945780148953,0.49210687340446857
320,744,36,32,47458744,20976,20976,False,0.625,1.453125,1.125,0.375,0.453125,0.125,0.5914841634608656,0.4265625,0.5423816950652961,0.49209175851958886
336,704,88,32,47465320,27552,27552,False,0.65625,1.375,2.75,0.34375,0.375,1.75,1.0121334212938529,0.459375,0.5748225880141288,0.4919262764042386
592,400,68,32,47420920,-16848,16848,False,1.15625,0.78125,2.125,0.15625,0.21875,1.125,0.6234355419768751,0.2875,0.7183690843698812,0.49186872531096437
344,712,40,32,47419240,-18528,18528,False,0.671875,1.390625,1.25,0.328125,0.390625,0.25,0.5252417598116128,0.384375,0.5788925626992589,0.4917432688097777
416,624,44,32,47448280,10512,10512,False,0.8125,1.21875,1.375,0.1875,0.21875,0.375,0.34375,0.240625,0.7115082361212486,0.49171697083637456
664,328,32,32,47449864,12096,12096,False,1.296875,0.640625,1.0,0.296875,0.359375,0.0,0.46613855906800933,0.328125,0.5864179018745409,0.4916038705623622
336,736,8,32,47465128,27360,27360,False,0.65625,1.4375,0.25,0.34375,0.4375,0.75,0.6709659547994965,0.465625,0.5605007418854188,0.49152272256562557
696,296,12,32,47413528,-24240,24240,False,1.359375,0.578125,0.375,0.359375,0.421875,0.625,0.6362272834844479,0.453125,0.5390864042084411,0.49132842126253234
720,224,124,32,47472664,34896,34896,False,1.40625,0.4375,3.875,0.40625,0.5625,2.875,1.5961990986402668,0.584375,0.4613386323219789,0.4910050896965937
320,752,12,32,47409496,-28272,28272,False,0.625,1.46875,0.375,0.375,0.46875,0.625,0.676762744615866,0.484375,0.5392535236398995,0.49087555709196984
496,536,20,32,47431288,-6480,6480,False,0.96875,1.046875,0.625,0.03125,0.046875,0.375,0.19578068884596356,0.0765625,0.9280240901384269,0.49076847704152804
528,488,44,32,47444248,6480,6480,False,1.03125,0.953125,1.375,0.03125,0.046875,0.375,0.19578068884596356,0.0765625,0.9269723078426303,0.4904529423527891
312,728,96,32,47406472,-31296,31296,False,0.609375,1.421875,3.0,0.390625,0.421875,2.0,1.1535018015807343,0.50625,0.5413312175819847,0.49034036527459535
608,400,20,32,47427256,-10512,10512,False,1.1875,0.78125,0.625,0.1875,0.21875,0.375,0.34375,0.240625,0.7048655214737407,0.4897241564421222
720,232,104,32,47472616,34848,34848,False,1.40625,0.453125,3.25,0.40625,0.546875,2.25,1.3151944069699353,0.5765625,0.4689301335736165,0.4895682900720849
336,720,44,32,47416024,-21744,21744,False,0.65625,1.40625,1.375,0.34375,0.40625,0.375,0.5642334401646184,0.4125,0.5674917829819502,0.48952153489458505
672,320,28,32,47453080,15312,15312,False,1.3125,0.625,0.875,0.3125,0.375,0.125,0.4921254921257382,0.35625,0.5740734608082918,0.4890990382424875
336,696,108,32,47465368,27600,27600,False,0.65625,1.359375,3.375,0.34375,0.359375,2.375,1.2874279409446574,0.4515625,0.5786238414346203,0.4889684024303861
720,240,84,32,47472568,34800,34800,False,1.40625,0.46875,2.625,0.40625,0.53125,1.625,1.052341140030171,0.56875,0.4765053580405043,0.4881266074121513
432,592,76,32,47454808,17040,17040,False,0.84375,1.15625,2.375,0.15625,0.15625,1.375,0.722138750518209,0.25625,0.7604094078878675,0.4880878223663602
416,632,24,32,47448232,10464,10464,False,0.8125,1.234375,0.75,0.1875,0.234375,0.25,0.3251351882294502,0.2359375,0.7051171098057661,0.48764788294172984
312,720,116,32,47406520,-31248,31248,False,0.609375,1.40625,3.625,0.390625,0.40625,2.625,1.4283848231919156,0.4984375,0.5445887411834434,0.487603372355033
328,728,48,32,47412808,-24960,24960,False,0.640625,1.421875,1.5,0.359375,0.421875,0.5,0.6079711393232412,0.440625,0.5563940290509682,0.4873907087152905
680,312,24,32,47456296,18528,18528,False,1.328125,0.609375,0.75,0.328125,0.390625,0.25,0.5252417598116128,0.384375,0.5620852340300457,0.48670107020901376
720,248,64,32,47472520,34752,34752,False,1.40625,0.484375,2.0,0.40625,0.515625,1.0,0.8251716204069308,0.5609375,0.4840687021916496,0.48668136065749484
432,584,96,32,47454856,17088,17088,False,0.84375,1.140625,3.0,0.15625,0.140625,2.0,1.0218558866714034,0.2484375,0.7683587443614694,0.4863743733084408
336,688,128,32,47465416,27648,27648,False,0.65625,1.34375,4.0,0.34375,0.34375,3.0,1.576809476442858,0.44375,0.5825205353531686,0.4860391606059506
336,728,24,32,47415976,-21792,21792,False,0.65625,1.421875,0.75,0.34375,0.421875,0.25,0.5583615120376761,0.4078125,0.5639553928407732,0.48592486785223193
704,280,28,32,47416792,-20976,20976,False,1.375,0.546875,0.875,0.375,0.453125,0.125,0.5914841634608656,0.4265625,0.5202944077820163,0.48546557233460486
768,168,112,32,47393608,-44160,44160,False,1.5,0.328125,3.5,0.5,0.671875,2.5,1.5046315215443946,0.6859375,0.3968528373495743,0.48538460120487226
320,736,52,32,47409592,-28176,28176,False,0.625,1.4375,1.625,0.375,0.4375,0.625,0.6555055301063447,0.46875,0.5455807860231846,0.4853452358069554
304,744,80,32,47403208,-34560,34560,False,0.59375,1.453125,2.5,0.40625,0.453125,1.5,0.9658474662828495,0.5296875,0.5277007725278839,0.48491398175836514
432,576,116,32,47454904,17136,17136,False,0.84375,1.125,3.625,0.15625,0.125,2.625,1.3276653616405,0.240625,0.7765892073778534,0.484745262213356
496,528,40,32,47431336,-6432,6432,False,0.96875,1.03125,1.25,0.03125,0.03125,0.25,0.13258252147247765,0.05625,0.941158438451987,0.48474453153559616
528,496,24,32,47444200,6432,6432,False,1.03125,0.96875,0.75,0.03125,0.03125,0.25,0.13258252147247765,0.05625,0.941158438451987,0.48474453153559616
480,560,8,32,47424808,-12960,12960,False,0.9375,1.09375,0.25,0.0625,0.09375,0.75,0.3915613776919271,0.153125,0.8664379941704579,0.4846538982511374
608,392,40,32,47427304,-10464,10464,False,1.1875,0.765625,1.25,0.1875,0.234375,0.25,0.3251351882294502,0.2359375,0.6949690291832735,0.48460345875498206
688,304,20,32,47459512,21744,21744,False,1.34375,0.59375,0.625,0.34375,0.40625,0.375,0.5642334401646184,0.4125,0.5504300922638496,0.4844030276791549
552,432,112,32,47454088,16320,16320,False,1.078125,0.84375,3.5,0.078125,0.15625,2.5,1.2621480016721494,0.2171875,0.8031338552673577,0.4842539065802073
552,440,92,32,47454040,16272,16272,False,1.078125,0.859375,2.875,0.078125,0.140625,1.875,0.9512019534515265,0.209375,0.8151465182808104,0.4841434554842431
552,448,72,32,47453992,16224,16224,False,1.078125,0.875,2.25,0.078125,0.125,1.25,0.6421475808760787,0.2015625,0.8272976359902844,0.4840745407970853
680,272,120,32,47407336,-30432,30432,False,1.328125,0.53125,3.75,0.328125,0.46875,2.75,1.4893010367702697,0.4984375,0.5218414843670345,0.4840431953101103
472,544,72,32,47421736,-16032,16032,False,0.921875,1.0625,2.25,0.078125,0.0625,1.25,0.6329571593915342,0.1703125,0.8756795460571345,0.4837321138171403
688,288,56,32,47410408,-27360,27360,False,1.34375,0.5625,1.75,0.34375,0.4375,0.75,0.6709659547994965,0.465625,0.5345225797076011,0.48372927391228027
544,464,56,32,47450728,12960,12960,False,1.0625,0.90625,1.75,0.0625,0.09375,0.75,0.3915613776919271,0.153125,0.8627646106669592,0.48355188320008774
768,176,92,32,47393560,-44208,44208,False,1.5,0.34375,2.875,0.5,0.65625,1.875,1.2488275751680054,0.678125,0.4043171794702395,0.4835256538410719
472,536,92,32,47421784,-15984,15984,False,0.921875,1.046875,2.875,0.078125,0.046875,1.875,0.941916679568846,0.1625,0.8871892901254651,0.4834707870376395
312,744,56,32,47406376,-31392,31392,False,0.609375,1.453125,1.75,0.390625,0.453125,0.75,0.7060702204809377,0.496875,0.5350346444789612,0.48337989334368836
472,528,112,32,47421832,-15936,15936,False,0.921875,1.03125,3.5,0.078125,0.03125,2.5,1.2528288303375685,0.1546875,0.8991857259030448,0.4833554677709134
728,216,120,32,47475880,38112,38112,False,1.421875,0.421875,3.75,0.421875,0.578125,2.75,1.5501071031544884,0.6,0.4514626540199228,0.4829907962059768
704,272,52,32,47466040,28272,28272,False,1.375,0.53125,1.625,0.375,0.46875,0.625,0.676762744615866,0.484375,0.5125638918301312,0.48286866754903934
680,280,100,32,47407288,-30480,30480,False,1.328125,0.546875,3.125,0.328125,0.453125,2.125,1.2007891285525532,0.490625,0.5298565713494284,0.4823494714048285
696,296,16,32,47462728,24960,24960,False,1.359375,0.578125,0.5,0.359375,0.421875,0.5,0.6079711393232412,0.440625,0.5390864042084411,0.4821984212625323
304,736,100,32,47403256,-34512,34512,False,0.59375,1.4375,3.125,0.40625,0.4375,2.125,1.21875,0.521875,0.5307285410560845,0.48210806231682535
768,184,72,32,47393512,-44256,44256,False,1.5,0.359375,2.25,0.5,0.640625,1.25,1.0251952938952655,0.6703125,0.4117168055680308,0.4816472916704092
728,224,100,32,47475832,38064,38064,False,1.421875,0.4375,3.125,0.421875,0.5625,2.125,1.2740843832435118,0.5921875,0.45899878671895267,0.4815373860156858
304,752,60,32,47403160,-34608,34608,False,0.59375,1.46875,1.875,0.40625,0.46875,0.875,0.7590598625931949,0.525,0.5247391905407154,0.4814897571622146
680,288,80,32,47407240,-30528,30528,False,1.328125,0.5625,2.5,0.328125,0.4375,1.5,0.9282091712674466,0.4828125,0.537885329785118,0.4806598489355354
704,288,12,32,47465944,28176,28176,False,1.375,0.5625,0.375,0.375,0.4375,0.625,0.6555055301063447,0.46875,0.5280338794248092,0.48008116382744276
728,232,80,32,47475784,38016,38016,False,1.421875,0.453125,2.5,0.421875,0.546875,1.5,1.0195836313172157,0.584375,0.46651285004914067,0.48007735501474214
296,760,64,32,47399944,-37824,37824,False,0.578125,1.484375,2.0,0.421875,0.484375,1.0,0.8140010173519441,0.553125,0.5146789051291046,0.47967017153873137
688,296,40,32,47459560,21792,21792,False,1.34375,0.578125,1.25,0.34375,0.421875,0.25,0.5583615120376761,0.4078125,0.5424672129518096,0.47947841388554285
304,728,120,32,47403304,-34464,34464,False,0.59375,1.421875,3.75,0.40625,0.421875,2.75,1.4945375800310274,0.5140625,0.5338249229421484,0.47932272688264455
584,392,112,32,47417800,-19968,19968,False,1.140625,0.765625,3.5,0.140625,0.234375,2.5,1.2795339117233275,0.2875,0.7149807046212485,0.47837221138637454
424,624,20,32,47451448,13680,13680,False,0.828125,1.21875,0.625,0.171875,0.21875,0.375,0.33548297739974825,0.2328125,0.7212837570893404,0.47807137712680214
712,280,8,32,47469160,31392,31392,False,1.390625,0.546875,0.25,0.390625,0.453125,0.75,0.7060702204809377,0.496875,0.5172534255425958,0.47804552766277875
488,536,44,32,47428120,-9648,9648,False,0.953125,1.046875,1.375,0.046875,0.046875,0.375,0.1988737822087165,0.084375,0.9142282441491084,0.4778639732447325
536,488,20,32,47447416,9648,9648,False,1.046875,0.953125,0.625,0.046875,0.046875,0.375,0.1988737822087165,0.084375,0.9142282441491084,0.4778639732447325
344,704,64,32,47468488,30720,30720,False,0.671875,1.375,2.0,0.328125,0.375,1.0,0.7058973123797824,0.4515625,0.5827041637814709,0.4777124991344413
584,400,92,32,47417752,-20016,20016,False,1.140625,0.78125,2.875,0.140625,0.21875,1.875,0.972899379753631,0.2796875,0.72545963969495,0.47741764190848496
432,600,56,32,47454760,16992,16992,False,0.84375,1.171875,1.75,0.15625,0.171875,0.75,0.4411123191716595,0.2390625,0.752726336983844,0.4773811510951532
296,752,84,32,47399992,-37776,37776,False,0.578125,1.46875,2.625,0.421875,0.46875,1.625,1.0285238588020211,0.5453125,0.5174973969718744,0.4768014690915623
312,760,16,32,47406280,-31488,31488,False,0.609375,1.484375,0.5,0.390625,0.484375,0.5,0.6706019916835917,0.4875,0.5290122916777783,0.4765016875033335
584,408,72,32,47417704,-20064,20064,False,1.140625,0.796875,2.25,0.140625,0.203125,1.25,0.6720566614877053,0.271875,0.7360335020368296,0.47649155061104886
592,424,8,32,47420776,-16992,16992,False,1.15625,0.828125,0.25,0.15625,0.171875,0.75,0.4411123191716595,0.2390625,0.7497526680367633,0.47648905041102907
600,400,44,32,47424088,-13680,13680,False,1.171875,0.78125,1.375,0.171875,0.21875,0.375,0.33548297739974825,0.2328125,0.7115082361212486,0.47513872083637454
736,208,116,32,47479096,41328,41328,False,1.4375,0.40625,3.625,0.4375,0.59375,2.625,1.505523683805738,0.615625,0.4417562030343943,0.4750273609103183
344,696,84,32,47468536,30768,30768,False,0.671875,1.359375,2.625,0.328125,0.359375,1.625,0.9470864037932336,0.44375,0.586610726448772,0.4747862179346316
296,744,104,32,47400040,-37728,37728,False,0.578125,1.453125,3.25,0.421875,0.453125,2.25,1.2841050507065221,0.5375,0.520377574590225,0.4739512723770675
736,216,96,32,47479048,41280,41280,False,1.4375,0.421875,3.0,0.4375,0.578125,2.0,1.2351658858732295,0.6078125,0.44924604385540223,0.4735600631566207
560,416,128,32,47457352,19584,19584,False,1.09375,0.8125,4.0,0.09375,0.1875,3.0,1.5145776020065793,0.240625,0.7708605323713232,0.47323465971139694
440,584,72,32,47458024,20256,20256,False,0.859375,1.140625,2.25,0.140625,0.140625,1.25,0.6558778706817299,0.240625,0.7793465338188258,0.47309246014564776
560,424,108,32,47457304,19536,19536,False,1.09375,0.828125,3.375,0.09375,0.171875,2.375,1.203530775728232,0.2328125,0.7823481426665378,0.47296669279996134
336,720,48,32,47465224,27456,27456,False,0.65625,1.40625,1.5,0.34375,0.40625,0.5,0.5879652413195868,0.425,0.5674917829819502,0.47292353489458505
560,432,88,32,47457256,19488,19488,False,1.09375,0.84375,2.75,0.09375,0.15625,1.75,0.8937718528796932,0.225,0.7939588021008919,0.4727356406302675
680,296,60,32,47407192,-30576,30576,False,1.328125,0.578125,1.875,0.328125,0.421875,0.875,0.6906886282906357,0.4625,0.5459309911890883,0.4727252973567265
560,440,68,32,47457208,19440,19440,False,1.09375,0.859375,2.125,0.09375,0.140625,1.125,0.5873420665378907,0.2171875,0.8056965603384802,0.4725427181015441
728,240,60,32,47475736,37968,37968,False,1.421875,0.46875,1.875,0.421875,0.53125,0.875,0.8072244595680931,0.5640625,0.474009552628659,0.4723621157885977
736,224,76,32,47479000,41232,41232,False,1.4375,0.4375,2.375,0.4375,0.5625,1.375,0.9901862198596787,0.6,0.45670774423735333,0.472084323271206
344,688,104,32,47468584,30816,30816,False,0.671875,1.34375,3.25,0.328125,0.34375,2.25,1.2212514393543208,0.4359375,0.5906161091496412,0.47188958274489234
288,768,68,32,47396728,-41040,41040,False,0.5625,1.5,2.125,0.4375,0.5,1.125,0.8705242673240075,0.56875,0.5048390710504517,0.47166672131513543
488,544,24,32,47428072,-9696,9696,False,0.953125,1.0625,0.75,0.046875,0.0625,0.25,0.14740595518838442,0.0796875,0.9020110725606819,0.4716630717682046
464,552,76,32,47418520,-19248,19248,False,0.90625,1.078125,2.375,0.09375,0.078125,1.375,0.6982469678595103,0.1859375,0.8520329762908025,0.4715866428872407
440,576,92,32,47458072,20304,20304,False,0.859375,1.125,2.875,0.140625,0.125,1.875,0.9561938300496401,0.2328125,0.7878153740321178,0.4715348622096353
480,544,48,32,47424904,-12864,12864,False,0.9375,1.0625,1.5,0.0625,0.0625,0.5,0.2651650429449553,0.1125,0.8887600045044113,0.4714220013513234
544,480,16,32,47450632,12864,12864,False,1.0625,0.9375,0.5,0.0625,0.0625,0.5,0.2651650429449553,0.1125,0.8887600045044113,0.4714220013513234
328,736,28,32,47412760,-25008,25008,False,0.640625,1.4375,0.875,0.359375,0.4375,0.125,0.5696164416736933,0.4109375,0.5530311189390436,0.47134608568171305
536,480,40,32,47447464,9696,9696,False,1.046875,0.9375,1.25,0.046875,0.0625,0.25,0.14740595518838442,0.0796875,0.900618498446129,0.4712452995338387
296,736,124,32,47400088,-37680,37680,False,0.578125,1.4375,3.875,0.421875,0.4375,2.875,1.5607020906069806,0.5296875,0.5233216557393081,0.4711202467217924
464,544,96,32,47418568,-19200,19200,False,0.90625,1.0625,3.0,0.09375,0.0625,2.0,1.0063276367565386,0.178125,0.862764610666959,0.47109188320008766
464,536,116,32,47418616,-19152,19152,False,0.90625,1.046875,3.625,0.09375,0.046875,2.625,1.3166786161113881,0.1703125,0.8739351906004068,0.470728807180122
440,568,112,32,47458120,20352,20352,False,0.859375,1.109375,3.5,0.140625,0.109375,2.5,1.2626314906773077,0.225,0.7965926915050755,0.4700698074515226
424,616,40,32,47451496,13728,13728,False,0.828125,1.203125,1.25,0.171875,0.203125,0.25,0.2939826206597934,0.2125,0.7280598217316148,0.46975594651948444
344,680,124,32,47468632,30864,30864,False,0.671875,1.328125,3.875,0.328125,0.328125,2.875,1.510542379825869,0.428125,0.594724387606143,0.4690238162818429
288,760,88,32,47396776,-40992,40992,False,0.5625,1.484375,2.75,0.4375,0.484375,1.75,1.0916274046692855,0.5609375,0.5075219953836978,0.46875734861510937
432,616,16,32,47454664,16896,16896,False,0.84375,1.203125,0.5,0.15625,0.203125,0.5,0.358013726168425,0.2296875,0.7381046817233642,0.46869115451700927
712,264,48,32,47469256,31488,31488,False,1.390625,0.515625,1.5,0.390625,0.484375,0.5,0.6706019916835917,0.4875,0.5019755729904818,0.46839067189714456
328,736,32,32,47461960,24192,24192,False,0.640625,1.4375,1.0,0.359375,0.4375,0.0,0.5661772166247949,0.3984375,0.5530311189390436,0.46836008568171306
600,408,24,32,47424040,-13728,13728,False,1.171875,0.796875,0.75,0.171875,0.203125,0.25,0.2939826206597934,0.2125,0.7216764643970223,0.46784093931910664
688,304,16,32,47410312,-27456,27456,False,1.34375,0.59375,0.5,0.34375,0.40625,0.5,0.5879652413195868,0.425,0.5504300922638496,0.46780502767915483
760,176,116,32,47390392,-47376,47376,False,1.484375,0.34375,3.625,0.484375,0.65625,2.625,1.5452959111849742,0.6703125,0.40603622576989806,0.46746311773096944
744,200,112,32,47482312,44544,44544,False,1.453125,0.390625,3.5,0.453125,0.609375,2.5,1.46258680297957,0.63125,0.4322037301633369,0.46711011904900107
672,280,124,32,47404120,-33648,33648,False,1.3125,0.546875,3.875,0.3125,0.453125,2.875,1.5392806000287926,0.4828125,0.5332000369203171,0.46677426107609515
472,568,12,32,47421592,-16176,16176,False,0.921875,1.109375,0.375,0.078125,0.109375,0.625,0.3401803290168319,0.15625,0.8437804368832238,0.46655513106496715
592,408,48,32,47420872,-16896,16896,False,1.15625,0.796875,1.5,0.15625,0.203125,0.5,0.358013726168425,0.2296875,0.7287357846788056,0.4658804854036417
288,752,108,32,47396824,-40944,40944,False,0.5625,1.46875,3.375,0.4375,0.46875,2.375,1.349551430105574,0.553125,0.5102624380010283,0.4658652314003085
744,208,92,32,47482264,44496,44496,False,1.453125,0.40625,2.875,0.453125,0.59375,1.875,1.1986524008756667,0.6234375,0.4396564962660446,0.4656316988798133
760,184,96,32,47390344,-47424,47424,False,1.484375,0.359375,3.0,0.484375,0.640625,2.0,1.2825831478894458,0.6625,0.4134994887533174,0.4656038466259952
472,552,52,32,47421688,-16080,16080,False,0.921875,1.078125,1.625,0.078125,0.078125,0.625,0.33145630368119416,0.140625,0.8646262761015554,0.46538038283046657
552,472,12,32,47453848,16080,16080,False,1.078125,0.921875,0.375,0.078125,0.078125,0.625,0.33145630368119416,0.140625,0.8646262761015554,0.46538038283046657
552,456,52,32,47453944,16176,16176,False,1.078125,0.890625,1.625,0.078125,0.109375,0.625,0.3401803290168319,0.15625,0.8395916235740689,0.46529848707222066
672,288,104,32,47404072,-33696,33696,False,1.3125,0.5625,3.25,0.3125,0.4375,2.25,1.2468710839537502,0.475,0.5413312175819847,0.46511536527459535
696,288,36,32,47462776,25008,25008,False,1.359375,0.5625,1.125,0.359375,0.4375,0.125,0.5696164416736933,0.4109375,0.5312397725822897,0.4648086817746869
744,216,72,32,47482216,44448,44448,False,1.453125,0.421875,2.25,0.453125,0.578125,1.25,0.9644562101256853,0.615625,0.44707470871624966,0.4641429126148749
760,192,76,32,47390296,-47472,47472,False,1.484375,0.375,2.375,0.484375,0.625,1.375,1.0478074205811867,0.6546875,0.4209067654528002,0.46372777963584005
672,296,84,32,47404024,-33744,33744,False,1.3125,0.578125,2.625,0.3125,0.421875,1.625,0.9673629182602567,0.4671875,0.5494810769891335,0.46346207309674003
576,400,116,32,47414584,-23184,23184,False,1.125,0.78125,3.625,0.125,0.21875,2.625,1.3364627987714435,0.271875,0.7327923249990304,0.4630391974997091
288,744,128,32,47396872,-40896,40896,False,0.5625,1.453125,4.0,0.4375,0.453125,3.0,1.6268769208594116,0.5453125,0.5130624270967513,0.46299097812902534
568,408,124,32,47460568,22800,22800,False,1.109375,0.796875,3.875,0.109375,0.203125,2.875,1.4558945381620194,0.25625,0.7513970851956158,0.4623441255586847
304,768,20,32,47403064,-34704,34704,False,0.59375,1.5,0.625,0.40625,0.5,0.375,0.6709659547994965,0.490625,0.5190054524253718,0.46219813572761154
576,408,96,32,47414536,-23232,23232,False,1.125,0.796875,3.0,0.125,0.203125,2.0,1.0280490093497487,0.2640625,0.7435826108696396,0.46217803326089185
568,416,104,32,47460520,22752,22752,False,1.109375,0.8125,3.25,0.109375,0.1875,2.25,1.1457504704886663,0.2484375,0.7625228216784646,0.46196759650353936
696,288,32,32,47413576,-24192,24192,False,1.359375,0.5625,1.0,0.359375,0.4375,0.0,0.5661772166247949,0.3984375,0.5312397725822897,0.4618226817746869
672,304,64,32,47403976,-33792,33792,False,1.3125,0.59375,2.0,0.3125,0.40625,1.0,0.71602745233685,0.459375,0.5576527515124589,0.4618153254537376
568,424,84,32,47460472,22704,22704,False,1.109375,0.828125,2.625,0.109375,0.171875,1.625,0.8376515721050132,0.240625,0.7737614619221589,0.46162493857664766
576,416,76,32,47414488,-23280,23280,False,1.125,0.8125,2.375,0.125,0.1875,1.375,0.7234898064243891,0.25625,0.7544764594834699,0.4613479378450409
568,432,64,32,47460424,22656,22656,False,1.109375,0.84375,2.0,0.109375,0.15625,1.0,0.5351419934232409,0.2328125,0.7851168042416116,0.4613172912724835
768,192,52,32,47393464,-44304,44304,False,1.5,0.375,1.625,0.5,0.625,0.625,0.85923294280422,0.625,0.41905978419640516,0.4610019352589216
280,768,92,32,47393560,-44208,44208,False,0.546875,1.5,2.875,0.453125,0.5,1.875,1.1550880986422638,0.5765625,0.49776004743749835,0.4607772642312495
752,184,128,32,47485576,47808,47808,False,1.46875,0.359375,4.0,0.46875,0.640625,3.0,1.6970936783586816,0.6546875,0.4153167890975724,0.4607067867292717
456,560,80,32,47415304,-22464,22464,False,0.890625,1.09375,2.5,0.109375,0.09375,1.5,0.763709338115621,0.2015625,0.8295698691856425,0.45979621075569277
464,560,56,32,47418472,-19296,19296,False,0.90625,1.09375,1.75,0.09375,0.09375,0.75,0.397747564417433,0.16875,0.8417138350348073,0.4597051505104422
560,464,8,32,47457064,19296,19296,False,1.09375,0.90625,0.25,0.09375,0.09375,0.75,0.397747564417433,0.16875,0.8417138350348073,0.4597051505104422
440,608,12,32,47457880,20112,20112,False,0.859375,1.1875,0.375,0.140625,0.1875,0.625,0.390625,0.2265625,0.7556293507909569,0.45952205523728706
752,192,108,32,47485528,47760,47760,False,1.46875,0.375,3.375,0.46875,0.625,2.375,1.42144567694302,0.646875,0.42278990611395134,0.45923447183418536
456,552,100,32,47415352,-22416,22416,False,0.890625,1.078125,3.125,0.109375,0.078125,2.125,1.0709680930121122,0.19375,0.8395916235740689,0.45908848707222066
456,544,120,32,47415400,-22368,22368,False,0.890625,1.0625,3.75,0.109375,0.0625,2.75,1.380758538132211,0.1859375,0.8500102241437041,0.45849981724311123
448,576,68,32,47461240,23472,23472,False,0.875,1.125,2.125,0.125,0.125,1.125,0.5896238207535377,0.225,0.7991596495645227,0.4583598948693568
736,232,56,32,47478952,41184,41184,False,1.4375,0.453125,1.75,0.4375,0.546875,0.75,0.794420238680385,0.5671875,0.4641463756902404,0.45810166270707214
280,760,112,32,47393608,-44160,44160,False,0.546875,1.484375,3.5,0.453125,0.484375,2.5,1.4150764665734499,0.56875,0.500368063213977,0.45784541896419306
352,688,80,32,47471752,33984,33984,False,0.6875,1.34375,2.5,0.3125,0.34375,1.5,0.882224638343319,0.428125,0.5987458684599757,0.4577502605379927
752,200,88,32,47485480,47712,47712,False,1.46875,0.390625,2.75,0.46875,0.609375,1.75,1.1647701288773677,0.6390625,0.4302150422649209,0.45774776267947626
336,728,28,32,47465176,27408,27408,False,0.65625,1.421875,0.875,0.34375,0.421875,0.125,0.5477671294674408,0.3953125,0.5639553928407732,0.457210867852232
768,208,12,32,47393368,-44400,44400,False,1.5,0.40625,0.375,0.5,0.59375,0.625,0.8367767399372428,0.609375,0.4336040251746365,0.4571687075523909
448,568,88,32,47461288,23520,23520,False,0.875,1.109375,2.75,0.125,0.109375,1.75,0.890625,0.2171875,0.8081930170728031,0.45697165512184096
320,744,32,32,47409544,-28224,28224,False,0.625,1.453125,1.0,0.375,0.453125,0.0,0.5881728195224597,0.4140625,0.5423816950652961,0.4568497585195888
584,416,52,32,47417656,-20112,20112,False,1.140625,0.8125,1.625,0.140625,0.1875,0.625,0.390625,0.2265625,0.7467056898669272,0.4568449569600782
752,208,68,32,47485432,47664,47664,False,1.46875,0.40625,2.125,0.46875,0.59375,1.125,0.9426939455623973,0.63125,0.43759879586676553,0.45624863876002963
440,592,52,32,47457976,20208,20208,False,0.859375,1.15625,1.625,0.140625,0.15625,0.625,0.37662408728731095,0.2109375,0.771169425115916,0.45598757753477476
448,560,108,32,47461336,23568,23568,False,0.875,1.09375,3.375,0.125,0.09375,2.375,1.19773549354605,0.209375,0.817565525261158,0.4556851575783474
584,432,12,32,47417560,-20208,20208,False,1.140625,0.84375,0.375,0.140625,0.15625,0.625,0.37662408728731095,0.2109375,0.7683587443614694,0.4551443733084408
312,752,36,32,47406328,-31440,31440,False,0.609375,1.46875,1.125,0.390625,0.46875,0.125,0.6133683258247038,0.4421875,0.5319904090499212,0.45493087271497634
352,680,100,32,47471800,34032,34032,False,0.6875,1.328125,3.125,0.3125,0.328125,2.125,1.1550880986422638,0.4203125,0.6029684295311771,0.4549187788593531
448,552,128,32,47461384,23616,23616,False,0.875,1.078125,4.0,0.125,0.078125,3.0,1.5072254362320854,0.2015625,0.8272976359902845,0.4545065407970853
456,568,60,32,47415256,-22512,22512,False,0.890625,1.109375,1.875,0.109375,0.109375,0.875,0.4640388251536718,0.19687500000000002,0.8199217306409289,0.45436601919227865
352,696,60,32,47471704,33936,33936,False,0.6875,1.359375,1.875,0.3125,0.359375,0.875,0.6466938152054649,0.4234375,0.5946298438628332,0.45436370315885
720,256,44,32,47472472,34704,34704,False,1.40625,0.5,1.375,0.40625,0.5,0.375,0.6709659547994965,0.490625,0.49162425471621274,0.4539837764148638
304,760,40,32,47403112,-34656,34656,False,0.59375,1.484375,1.25,0.40625,0.484375,0.25,0.644424707103165,0.4703125,0.5218414843670345,0.4530846953101103
480,552,28,32,47424856,-12912,12912,False,0.9375,1.078125,0.875,0.0625,0.078125,0.125,0.11796616305110547,0.0828125,0.8773761983279528,0.4529711094983858
544,472,36,32,47450680,12912,12912,False,1.0625,0.921875,1.125,0.0625,0.078125,0.125,0.11796616305110547,0.0828125,0.8756795460571345,0.4524621138171403
352,672,120,32,47471848,34080,34080,False,0.6875,1.3125,3.75,0.3125,0.3125,2.75,1.444277501036418,0.4125,0.6073020179073239,0.45212060537219717
576,400,120,32,47463784,26016,26016,False,1.125,0.78125,3.75,0.125,0.21875,2.75,1.397891827896565,0.271875,0.7327923249990304,0.4517111974997091
296,768,44,32,47399896,-37872,37872,False,0.578125,1.5,1.375,0.421875,0.5,0.375,0.6805400543869552,0.4984375,0.511919985494551,0.45130674564836526
576,408,100,32,47463736,25968,25968,False,1.125,0.796875,3.125,0.125,0.203125,2.125,1.0889403177516204,0.2640625,0.7435826108696396,0.45123403326089184
576,416,80,32,47463688,25920,25920,False,1.125,0.8125,2.5,0.125,0.1875,1.5,0.7831227553838542,0.25625,0.7544764594834699,0.45078793784504095
688,296,36,32,47410360,-27408,27408,False,1.34375,0.578125,1.125,0.34375,0.421875,0.125,0.5477671294674408,0.3953125,0.5424672129518096,0.4507644138855429
448,600,8,32,47461096,23328,23328,False,0.875,1.171875,0.25,0.125,0.171875,0.75,0.4310348195041788,0.2234375,0.7739120903597373,0.4505803771079212
704,280,32,32,47465992,28224,28224,False,1.375,0.546875,1.0,0.375,0.453125,0.0,0.5881728195224597,0.4140625,0.5202944077820163,0.4502235723346049
272,768,116,32,47390392,-47376,47376,False,0.53125,1.5,3.625,0.46875,0.5,2.625,1.4806697175602668,0.584375,0.4906801038422478,0.4498875311526743
664,288,128,32,47400904,-36864,36864,False,1.296875,0.5625,4.0,0.296875,0.4375,3.0,1.5904530850122554,0.4671875,0.5448636153025667,0.44959683459077
344,712,44,32,47468440,30672,30672,False,0.671875,1.390625,1.375,0.328125,0.390625,0.375,0.5435164728414402,0.396875,0.5788925626992589,0.44941726880977767
760,200,56,32,47390248,-47520,47520,False,1.484375,0.390625,1.75,0.484375,0.609375,0.75,0.8640497851686557,0.621875,0.4282653289745283,0.44933709869235844
448,576,64,32,47412040,-25728,25728,False,0.875,1.125,2.0,0.125,0.125,1.0,0.5303300858899106,0.225,0.7991596495645227,0.4493358948693568
464,576,16,32,47418376,-19392,19392,False,0.90625,1.125,0.5,0.09375,0.125,0.5,0.29481191037676885,0.159375,0.8222175627449574,0.44878476882348717
448,568,84,32,47412088,-25680,25680,False,0.875,1.109375,2.625,0.125,0.109375,1.625,0.8293034068572249,0.2171875,0.8081930170728031,0.448331655121841
712,272,28,32,47469208,31440,31440,False,1.390625,0.53125,0.875,0.390625,0.46875,0.125,0.6133683258247038,0.4421875,0.5096123475651793,0.44821745426955373
576,424,56,32,47414440,-23328,23328,False,1.125,0.828125,1.75,0.125,0.171875,0.75,0.4310348195041788,0.2234375,0.7654774534107319,0.44804998602321955
432,608,36,32,47454712,16944,16944,False,0.84375,1.1875,1.125,0.15625,0.1875,0.125,0.25194555463432966,0.184375,0.7452957155848147,0.4480002146754444
664,296,108,32,47400856,-36912,36912,False,1.296875,0.578125,3.375,0.296875,0.421875,2.375,1.2947082803666623,0.459375,0.5531209949857502,0.44797579849572505
568,408,120,32,47411368,-26400,26400,False,1.109375,0.796875,3.75,0.109375,0.203125,2.75,1.3942193716377635,0.25625,0.7513970851956158,0.4479441255586847
448,560,104,32,47412136,-25632,25632,False,0.875,1.09375,3.25,0.125,0.09375,2.25,1.1357988653366404,0.209375,0.817565525261158,0.4474291575783474
560,448,48,32,47457160,19392,19392,False,1.09375,0.875,1.5,0.09375,0.125,0.5,0.29481191037676885,0.159375,0.817565525261158,0.4473891575783474
568,416,100,32,47411320,-26448,26448,False,1.109375,0.8125,3.125,0.109375,0.1875,2.125,1.0844470437162896,0.2484375,0.7625228216784646,0.4471835965035394
448,552,124,32,47412184,-25584,25584,False,0.875,1.078125,3.875,0.125,0.078125,2.875,1.445037980685975,0.2015625,0.8272976359902845,0.4466345407970853
568,424,80,32,47411272,-26496,26496,False,1.109375,0.828125,2.5,0.109375,0.171875,1.5,0.777176882215368,0.240625,0.7737614619221589,0.4464569385766477
664,304,88,32,47400808,-36960,36960,False,1.296875,0.59375,2.75,0.296875,0.40625,1.75,1.0093556499693257,0.4515625,0.5614021068597959,0.4463618820579387
720,264,24,32,47472424,34656,34656,False,1.40625,0.515625,0.75,0.40625,0.484375,0.25,0.644424707103165,0.4703125,0.4991758335277604,0.44628500005832816
592,416,28,32,47420824,-16944,16944,False,1.15625,0.8125,0.875,0.15625,0.1875,0.125,0.25194555463432966,0.184375,0.739195889981312,0.44617026699439355
344,720,24,32,47468392,30624,30624,False,0.671875,1.40625,0.75,0.328125,0.40625,0.25,0.5369637586699869,0.3921875,0.5751722675934324,0.4461494302780298
664,312,68,32,47400760,-37008,37008,False,1.296875,0.609375,2.125,0.296875,0.390625,1.125,0.7464106820310117,0.44375,0.5697100129601742,0.44475600388805225
728,256,20,32,47475640,37872,37872,False,1.421875,0.5,0.625,0.421875,0.5,0.375,0.6805400543869552,0.4984375,0.48896800084965303,0.4444211502548959
680,312,20,32,47407096,-30672,30672,False,1.328125,0.609375,0.625,0.328125,0.390625,0.375,0.5435164728414402,0.396875,0.5620852340300457,0.44437507020901373
576,424,60,32,47463640,25872,25872,False,1.125,0.828125,1.875,0.125,0.171875,0.875,0.48638695050854314,0.23593750000000002,0.7654774534107319,0.44412398602321956
456,568,64,32,47464456,26688,26688,False,0.890625,1.109375,2.0,0.109375,0.109375,1.0,0.523379194513882,0.209375,0.8199217306409289,0.44391201919227863
744,224,52,32,47482168,44400,44400,False,1.453125,0.4375,1.625,0.453125,0.5625,0.625,0.7870100162164393,0.5703125,0.45446386114123155,0.4438954083423694
456,560,84,32,47464504,26736,26736,False,0.890625,1.09375,2.625,0.109375,0.09375,1.625,0.8251716204069308,0.2015625,0.8295698691856425,0.4427082107556928
736,248,16,32,47478856,41088,41088,False,1.4375,0.484375,0.5,0.4375,0.515625,0.5,0.720954499691208,0.5265625,0.4789727668259766,0.442621080047793
456,552,104,32,47464552,26784,26784,False,0.890625,1.078125,3.25,0.109375,0.078125,2.25,1.1330010618927062,0.19375,0.8395916235740689,0.4416164870722207
